{
  "intercept": -6.7216627,
  "age": 0.1480461,
  "bmi": 0.0739089,
  "HighBP": 0.7422317,
  "HighChol": 0.5790892,
  "CholCheck": 1.3084764,
  "Smoker": 0.0149922,
  "Stroke": 0.1778546,
  "HeartDiseaseorAttack": 0.2483434,
  "PhysActivity": -0.0463223,
  "Fruits": -0.0559529,
  "Veggies": -0.0392314,
  "HvyAlcoholConsump": -0.7400404,
  "AnyHealthcare": 0.0685388,
  "NoDocbcCost": 0.0159736,
  "GenHlth": 0.5794343,
  "MentHlth": -0.0042874,
  "PhysHlth": -0.0078709,
  "DiffWalk": 0.0955270,
  "Sex": 0.2783527,
  "Education": -0.0375024,
  "Income": -0.0597731
}